article_id,article_id_recoded,journal_id,url_article,year,author,study,study_recoded,empirical,compare_group,type_group,name_group,scale,reflective,name_scale,type_scale,measure_scale,width_scale,width_scale_recoded,no_items,power,n_rep,n1_rep,n2_rep,n3_rep,n4_rep,n5_rep,reltot,rel1,rel2,rel3,rel4,rel5,mitest_rep,mimethod_rep,miresult_rep,milevel_rep,comments,id,open_data,open_scale,open_group,n_res,n1_res,n2_res,n3_res,n4_res,n5_res,mitest_step2,miresult_step2,milevel_step2,reproduced_step2,comments_step2,mitest_step3,miresult_step3,milevel_step3,comments_step3
22,22,0,https://doi.org/10.1371/journal.pone.0204012,2018,moreira,1,1,1,1,1,Time point,1,1,Battery of cognitive test (MMSE (cognition) + SRT (only certain domains; measures memory)),1,,,,,0.8,86,86,86,,,,,,,,,,1,1,0,5,"Width scale: combination of different type of scales. These two scales are combined in one measurement model over time (so 2 * 2 factors). ""By means of a confirmatory factor analysis approach; we tested whether a two-factor solution [corresponding to measures of memory performance (MEM) and executive functioning (EXEC)] was reliable over time. Nested models of longitudinal invariance demonstrated the existence of partial strong invariance over time. In other words; this indicates that there is an equivalence of the factorial structure and factor loadings for all items; this was also observed for the item intercepts for all the items; except for one of the items from the EXEC dimension.""",80,1,0,1,NA,NA,NA,NA,NA,NA,0,NA,NA,0,"data shared were results from invariance tests and correlations between MMSE and SRT at different time points, but these are sum scores so we cannot use them for MI checks.",0,NA,NA,cannot construct scale so cannot do MI test
77,77,0,https://doi.org/10.1371/journal.pone.0207331,2018,Schulze,1,1,1,1,0,US (2 groups) and German (2 groups) and Indian (1 group),1,1,Turker CSR,1,1,5,5,15,,1120,146,194,155,193,432,0.91,,,,,,1,1,0,5,reliability only calculated for samples 1-4; the corresponding McDonald's omega is .77. They found metric invariance in groups 1-4; but failed to find configural invariance in sample 5. Scale is adapted.,178,1,1,1,1120,146,194,193,432,,1,0,0,0,"the authors report finding loading invariance, which we cannot reproduce. They do not list what their criteria are for configural invariance, but we cannot fully reproduce the configural invariance estimates, so we concluded no invariance held at any level.",1,0,0,
133,133,0,https://doi.org/10.1371/journal.pone.0220566,2019,abdin,1,1,1,1,1,ages (young: 20 to 39 years; middle: 40 to 59 years; older: 60 years and above),1,1,CBI (burnout) and PHQ-2 (depression and anhedonia); Factor Job Demand,1,1,5,5,,,,2544,1478,918,148,,,,,,,,1,2,0,5,the authors use two scales (CBI and PHQ) and extract five factors from these two scales. These five factors are then compared for all groups. Therefore I split the scales into 5 (with 6 groups makes 30 rows) and coded name_scale with both scales combined. The CBI and PHQ are not investigated separately. Not sure which kind of DIF is found. The MIMIC was used (and applied to the whole scale) but since the analysis was performed item by item I indicated that an IRT approach was used.,429,0,NA,NA,NA,NA,NA,NA,,,0,NA,NA,0,"no raw data or correlations shared. Statement Data Availability: ""The data underlying the results of this study are available upon request due to ethical restrictions imposed by the SingHealth Centralised Institutional Review Board, in Singapore. All study subjects were informed that only non-identifiable and aggregate data will be used in subsequent reports and scientific publications, and communications to companies and stakeholders. Hence, individual data is not available for public online access. Readers may write to the Workplace Safety and Health Institute, Ministry of Manpower at [address]""",0,NA,NA,no data
133,133,0,https://doi.org/10.1371/journal.pone.0220566,2019,abdin,1,1,1,1,0,male and female,1,1,CBI (burnout) and PHQ-2 (depression and anhedonia); Factor Job Demand,1,1,5,5,,,,2537,784,1753,,,,,,,,,1,2,1,,,430,0,NA,NA,NA,NA,NA,,,,0,NA,NA,0,"no raw data or correlations shared. Statement Data Availability: ""The data underlying the results of this study are available upon request due to ethical restrictions imposed by the SingHealth Centralised Institutional Review Board, in Singapore. All study subjects were informed that only non-identifiable and aggregate data will be used in subsequent reports and scientific publications, and communications to companies and stakeholders. Hence, individual data is not available for public online access. Readers may write to the Workplace Safety and Health Institute, Ministry of Manpower at [address]""",0,NA,NA,no data
133,133,0,https://doi.org/10.1371/journal.pone.0220566,2019,abdin,1,1,1,1,0,ethnicity (chinese and malay and indian and others),1,1,CBI (burnout) and PHQ-2 (depression and anhedonia); Factor Job Demand,1,1,5,5,,,,2531,1650,400,278,203,,,,,,,1,2,0,5,not sure which kind of DIF is found; reporting states measurement non invariance in certain items but not which level. Coded as partial invariance.,431,0,NA,NA,NA,NA,NA,NA,NA,,0,NA,NA,0,"no raw data or correlations shared. Statement Data Availability: ""The data underlying the results of this study are available upon request due to ethical restrictions imposed by the SingHealth Centralised Institutional Review Board, in Singapore. All study subjects were informed that only non-identifiable and aggregate data will be used in subsequent reports and scientific publications, and communications to companies and stakeholders. Hence, individual data is not available for public online access. Readers may write to the Workplace Safety and Health Institute, Ministry of Manpower at [address]""",0,NA,NA,no data
133,133,0,https://doi.org/10.1371/journal.pone.0220566,2019,abdin,1,1,1,1,0,marital status (single and married and divorced/separate),1,1,CBI (burnout) and PHQ-2 (depression and anhedonia); Factor Job Demand,1,1,5,5,,,,2511,923,1499,89,,,,,,,,1,2,0,5,not sure which kind of DIF is found; reporting states measurement non invariance in certain items but not which level. Coded as partial invariance.,432,0,NA,NA,NA,NA,NA,NA,,,0,NA,NA,0,"no raw data or correlations shared. Statement Data Availability: ""The data underlying the results of this study are available upon request due to ethical restrictions imposed by the SingHealth Centralised Institutional Review Board, in Singapore. All study subjects were informed that only non-identifiable and aggregate data will be used in subsequent reports and scientific publications, and communications to companies and stakeholders. Hence, individual data is not available for public online access. Readers may write to the Workplace Safety and Health Institute, Ministry of Manpower at [address]""",0,NA,NA,no data
133,133,0,https://doi.org/10.1371/journal.pone.0220566,2019,abdin,1,1,1,1,0,education level (Secondary and below; Vocational/ITE; Diploma; Tertiary including Bachelor; Postgraduate Diploma; Master and Doctorate Degree),1,1,CBI (burnout) and PHQ-2 (depression and anhedonia); Factor Job Demand,1,1,5,5,,,,,430,,,,,,,,,,1,2,0,5,not sure which kind of DIF is found; reporting states measurement non invariance in certain items but not which level. Coded as partial invariance.,433,0,NA,NA,NA,NA,NA,NA,NA,NA,0,NA,NA,0,"no raw data or correlations shared. Statement Data Availability: ""The data underlying the results of this study are available upon request due to ethical restrictions imposed by the SingHealth Centralised Institutional Review Board, in Singapore. All study subjects were informed that only non-identifiable and aggregate data will be used in subsequent reports and scientific publications, and communications to companies and stakeholders. Hence, individual data is not available for public online access. Readers may write to the Workplace Safety and Health Institute, Ministry of Manpower at [address]""",0,NA,NA,no data
133,133,0,https://doi.org/10.1371/journal.pone.0220566,2019,abdin,1,1,1,1,0,sector (Healthcare; Legal and Banking),1,1,CBI (burnout) and PHQ-2 (depression and anhedonia); Factor Job Demand,1,1,5,5,,,,2713,1698,819,196,,,,,,,,1,2,0,5,not sure which kind of DIF is found; reporting states measurement non invariance in certain items but not which level. Coded as partial invariance.,434,0,NA,NA,NA,NA,NA,NA,,,0,NA,NA,0,"no raw data or correlations shared. Statement Data Availability: ""The data underlying the results of this study are available upon request due to ethical restrictions imposed by the SingHealth Centralised Institutional Review Board, in Singapore. All study subjects were informed that only non-identifiable and aggregate data will be used in subsequent reports and scientific publications, and communications to companies and stakeholders. Hence, individual data is not available for public online access. Readers may write to the Workplace Safety and Health Institute, Ministry of Manpower at [address]""",0,NA,NA,no data
133,133,0,https://doi.org/10.1371/journal.pone.0220566,2019,abdin,1,1,1,1,1,ages (young: 20 to 39 years; middle: 40 to 59 years; older: 60 years and above),1,1,CBI (burnout) and PHQ-2 (depression and anhedonia); Factor Job Control,1,1,5,5,,,,2544,1478,918,148,,,,,,,,1,2,0,5,not sure which kind of DIF is found; reporting states measurement non invariance in certain items but not which level. Coded as partial invariance.,435,0,NA,NA,NA,NA,NA,NA,,,0,NA,NA,0,"no raw data or correlations shared. Statement Data Availability: ""The data underlying the results of this study are available upon request due to ethical restrictions imposed by the SingHealth Centralised Institutional Review Board, in Singapore. All study subjects were informed that only non-identifiable and aggregate data will be used in subsequent reports and scientific publications, and communications to companies and stakeholders. Hence, individual data is not available for public online access. Readers may write to the Workplace Safety and Health Institute, Ministry of Manpower at [address]""",0,NA,NA,no data
133,133,0,https://doi.org/10.1371/journal.pone.0220566,2019,abdin,1,1,1,1,0,male and female,1,1,CBI (burnout) and PHQ-2 (depression and anhedonia); Factor Job Control,1,1,5,5,,,,2537,784,1753,,,,,,,,,1,2,1,,,436,0,NA,NA,NA,NA,NA,,,,0,NA,NA,0,"no raw data or correlations shared. Statement Data Availability: ""The data underlying the results of this study are available upon request due to ethical restrictions imposed by the SingHealth Centralised Institutional Review Board, in Singapore. All study subjects were informed that only non-identifiable and aggregate data will be used in subsequent reports and scientific publications, and communications to companies and stakeholders. Hence, individual data is not available for public online access. Readers may write to the Workplace Safety and Health Institute, Ministry of Manpower at [address]""",0,NA,NA,no data
133,133,0,https://doi.org/10.1371/journal.pone.0220566,2019,abdin,1,1,1,1,0,ethnicity (chinese and malay and indian and others),1,1,CBI (burnout) and PHQ-2 (depression and anhedonia); Factor Job Control,1,1,5,5,,,,2531,1650,400,278,203,,,,,,,1,2,1,,,437,0,NA,NA,NA,NA,NA,NA,NA,,0,NA,NA,0,"no raw data or correlations shared. Statement Data Availability: ""The data underlying the results of this study are available upon request due to ethical restrictions imposed by the SingHealth Centralised Institutional Review Board, in Singapore. All study subjects were informed that only non-identifiable and aggregate data will be used in subsequent reports and scientific publications, and communications to companies and stakeholders. Hence, individual data is not available for public online access. Readers may write to the Workplace Safety and Health Institute, Ministry of Manpower at [address]""",0,NA,NA,no data
133,133,0,https://doi.org/10.1371/journal.pone.0220566,2019,abdin,1,1,1,1,0,marital status (single and married and divorced/separate),1,1,CBI (burnout) and PHQ-2 (depression and anhedonia); Factor Job Control,1,1,5,5,,,,2511,923,1499,89,,,,,,,,1,2,1,,,438,0,NA,NA,NA,NA,NA,NA,,,0,NA,NA,0,"no raw data or correlations shared. Statement Data Availability: ""The data underlying the results of this study are available upon request due to ethical restrictions imposed by the SingHealth Centralised Institutional Review Board, in Singapore. All study subjects were informed that only non-identifiable and aggregate data will be used in subsequent reports and scientific publications, and communications to companies and stakeholders. Hence, individual data is not available for public online access. Readers may write to the Workplace Safety and Health Institute, Ministry of Manpower at [address]""",0,NA,NA,no data
133,133,0,https://doi.org/10.1371/journal.pone.0220566,2019,abdin,1,1,1,1,0,education level (Secondary and below; Vocational/ITE; Diploma; Tertiary including Bachelor; Postgraduate Diploma; Master and Doctorate Degree),1,1,CBI (burnout) and PHQ-2 (depression and anhedonia); Factor Job Control,1,1,5,5,,,,,430,,,,,,,,,,1,2,0,5,not sure which kind of DIF is found; reporting states measurement non invariance in certain items but not which level. Coded as partial invariance.,439,0,NA,NA,NA,NA,NA,NA,NA,NA,0,NA,NA,0,"no raw data or correlations shared. Statement Data Availability: ""The data underlying the results of this study are available upon request due to ethical restrictions imposed by the SingHealth Centralised Institutional Review Board, in Singapore. All study subjects were informed that only non-identifiable and aggregate data will be used in subsequent reports and scientific publications, and communications to companies and stakeholders. Hence, individual data is not available for public online access. Readers may write to the Workplace Safety and Health Institute, Ministry of Manpower at [address]""",0,NA,NA,no data
133,133,0,https://doi.org/10.1371/journal.pone.0220566,2019,abdin,1,1,1,1,0,sector (Healthcare; Legal and Banking),1,1,CBI (burnout) and PHQ-2 (depression and anhedonia); Factor Job Control,1,1,5,5,,,,2713,1698,819,196,,,,,,,,1,2,0,5,not sure which kind of DIF is found; reporting states measurement non invariance in certain items but not which level. Coded as partial invariance.,440,0,NA,NA,NA,NA,NA,NA,,,0,NA,NA,0,"no raw data or correlations shared. Statement Data Availability: ""The data underlying the results of this study are available upon request due to ethical restrictions imposed by the SingHealth Centralised Institutional Review Board, in Singapore. All study subjects were informed that only non-identifiable and aggregate data will be used in subsequent reports and scientific publications, and communications to companies and stakeholders. Hence, individual data is not available for public online access. Readers may write to the Workplace Safety and Health Institute, Ministry of Manpower at [address]""",0,NA,NA,no data
133,133,0,https://doi.org/10.1371/journal.pone.0220566,2019,abdin,1,1,1,1,1,ages (young: 20 to 39 years; middle: 40 to 59 years; older: 60 years and above),1,1,CBI (burnout) and PHQ-2 (depression and anhedonia); Factor Supervisor Support,1,1,5,5,,,,2544,1478,918,148,,,,,,,,1,2,1,,,441,0,NA,NA,NA,NA,NA,NA,,,0,NA,NA,0,"no raw data or correlations shared. Statement Data Availability: ""The data underlying the results of this study are available upon request due to ethical restrictions imposed by the SingHealth Centralised Institutional Review Board, in Singapore. All study subjects were informed that only non-identifiable and aggregate data will be used in subsequent reports and scientific publications, and communications to companies and stakeholders. Hence, individual data is not available for public online access. Readers may write to the Workplace Safety and Health Institute, Ministry of Manpower at [address]""",0,NA,NA,no data
133,133,0,https://doi.org/10.1371/journal.pone.0220566,2019,abdin,1,1,1,1,0,male and female,1,1,CBI (burnout) and PHQ-2 (depression and anhedonia); Factor Supervisor Support,1,1,5,5,,,,2537,784,1753,,,,,,,,,1,2,1,,,442,0,NA,NA,NA,NA,NA,,,,0,NA,NA,0,"no raw data or correlations shared. Statement Data Availability: ""The data underlying the results of this study are available upon request due to ethical restrictions imposed by the SingHealth Centralised Institutional Review Board, in Singapore. All study subjects were informed that only non-identifiable and aggregate data will be used in subsequent reports and scientific publications, and communications to companies and stakeholders. Hence, individual data is not available for public online access. Readers may write to the Workplace Safety and Health Institute, Ministry of Manpower at [address]""",0,NA,NA,no data
133,133,0,https://doi.org/10.1371/journal.pone.0220566,2019,abdin,1,1,1,1,0,ethnicity (chinese and malay and indian and others),1,1,CBI (burnout) and PHQ-2 (depression and anhedonia); Factor Supervisor Support,1,1,5,5,,,,2531,1650,400,278,203,,,,,,,1,2,1,,,443,0,NA,NA,NA,NA,NA,NA,NA,,0,NA,NA,0,"no raw data or correlations shared. Statement Data Availability: ""The data underlying the results of this study are available upon request due to ethical restrictions imposed by the SingHealth Centralised Institutional Review Board, in Singapore. All study subjects were informed that only non-identifiable and aggregate data will be used in subsequent reports and scientific publications, and communications to companies and stakeholders. Hence, individual data is not available for public online access. Readers may write to the Workplace Safety and Health Institute, Ministry of Manpower at [address]""",0,NA,NA,no data
133,133,0,https://doi.org/10.1371/journal.pone.0220566,2019,abdin,1,1,1,1,0,marital status (single and married and divorced/separate),1,1,CBI (burnout) and PHQ-2 (depression and anhedonia); Factor Supervisor Support,1,1,5,5,,,,2511,923,1499,89,,,,,,,,1,2,1,,,444,0,NA,NA,NA,NA,NA,NA,,,0,NA,NA,0,"no raw data or correlations shared. Statement Data Availability: ""The data underlying the results of this study are available upon request due to ethical restrictions imposed by the SingHealth Centralised Institutional Review Board, in Singapore. All study subjects were informed that only non-identifiable and aggregate data will be used in subsequent reports and scientific publications, and communications to companies and stakeholders. Hence, individual data is not available for public online access. Readers may write to the Workplace Safety and Health Institute, Ministry of Manpower at [address]""",0,NA,NA,no data
133,133,0,https://doi.org/10.1371/journal.pone.0220566,2019,abdin,1,1,1,1,0,education level (Secondary and below; Vocational/ITE; Diploma; Tertiary including Bachelor; Postgraduate Diploma; Master and Doctorate Degree),1,1,CBI (burnout) and PHQ-2 (depression and anhedonia); Factor Supervisor Support,1,1,5,5,,,,,430,,,,,,,,,,1,2,1,,,445,0,NA,NA,NA,NA,NA,NA,NA,NA,0,NA,NA,0,"no raw data or correlations shared. Statement Data Availability: ""The data underlying the results of this study are available upon request due to ethical restrictions imposed by the SingHealth Centralised Institutional Review Board, in Singapore. All study subjects were informed that only non-identifiable and aggregate data will be used in subsequent reports and scientific publications, and communications to companies and stakeholders. Hence, individual data is not available for public online access. Readers may write to the Workplace Safety and Health Institute, Ministry of Manpower at [address]""",0,NA,NA,no data
133,133,0,https://doi.org/10.1371/journal.pone.0220566,2019,abdin,1,1,1,1,0,sector (Healthcare; Legal and Banking),1,1,CBI (burnout) and PHQ-2 (depression and anhedonia); Factor Supervisor Support,1,1,5,5,,,,2713,1698,819,196,,,,,,,,1,2,1,,,446,0,NA,NA,NA,NA,NA,NA,,,0,NA,NA,0,"no raw data or correlations shared. Statement Data Availability: ""The data underlying the results of this study are available upon request due to ethical restrictions imposed by the SingHealth Centralised Institutional Review Board, in Singapore. All study subjects were informed that only non-identifiable and aggregate data will be used in subsequent reports and scientific publications, and communications to companies and stakeholders. Hence, individual data is not available for public online access. Readers may write to the Workplace Safety and Health Institute, Ministry of Manpower at [address]""",0,NA,NA,no data
133,133,0,https://doi.org/10.1371/journal.pone.0220566,2019,abdin,1,1,1,1,1,ages (young: 20 to 39 years; middle: 40 to 59 years; older: 60 years and above),1,1,CBI (burnout) and PHQ-2 (depression and anhedonia); Factor Employee and management engagement,1,1,5,5,,,,2544,1478,918,148,,,,,,,,1,2,1,,,447,0,NA,NA,NA,NA,NA,NA,,,0,NA,NA,0,"no raw data or correlations shared. Statement Data Availability: ""The data underlying the results of this study are available upon request due to ethical restrictions imposed by the SingHealth Centralised Institutional Review Board, in Singapore. All study subjects were informed that only non-identifiable and aggregate data will be used in subsequent reports and scientific publications, and communications to companies and stakeholders. Hence, individual data is not available for public online access. Readers may write to the Workplace Safety and Health Institute, Ministry of Manpower at [address]""",0,NA,NA,no data
133,133,0,https://doi.org/10.1371/journal.pone.0220566,2019,abdin,1,1,1,1,0,male and female,1,1,CBI (burnout) and PHQ-2 (depression and anhedonia); Factor Employee and management engagement,1,1,5,5,,,,2537,784,1753,,,,,,,,,1,2,1,,,448,0,NA,NA,NA,NA,NA,,,,0,NA,NA,0,"no raw data or correlations shared. Statement Data Availability: ""The data underlying the results of this study are available upon request due to ethical restrictions imposed by the SingHealth Centralised Institutional Review Board, in Singapore. All study subjects were informed that only non-identifiable and aggregate data will be used in subsequent reports and scientific publications, and communications to companies and stakeholders. Hence, individual data is not available for public online access. Readers may write to the Workplace Safety and Health Institute, Ministry of Manpower at [address]""",0,NA,NA,no data
133,133,0,https://doi.org/10.1371/journal.pone.0220566,2019,abdin,1,1,1,1,0,ethnicity (chinese and malay and indian and others),1,1,CBI (burnout) and PHQ-2 (depression and anhedonia); Factor Employee and management engagement,1,1,5,5,,,,2531,1650,400,278,203,,,,,,,1,2,1,,,449,0,NA,NA,NA,NA,NA,NA,NA,,0,NA,NA,0,"no raw data or correlations shared. Statement Data Availability: ""The data underlying the results of this study are available upon request due to ethical restrictions imposed by the SingHealth Centralised Institutional Review Board, in Singapore. All study subjects were informed that only non-identifiable and aggregate data will be used in subsequent reports and scientific publications, and communications to companies and stakeholders. Hence, individual data is not available for public online access. Readers may write to the Workplace Safety and Health Institute, Ministry of Manpower at [address]""",0,NA,NA,no data
133,133,0,https://doi.org/10.1371/journal.pone.0220566,2019,abdin,1,1,1,1,0,marital status (single and married and divorced/separate),1,1,CBI (burnout) and PHQ-2 (depression and anhedonia); Factor Employee and management engagement,1,1,5,5,,,,2511,923,1499,89,,,,,,,,1,2,1,,,450,0,NA,NA,NA,NA,NA,NA,,,0,NA,NA,0,"no raw data or correlations shared. Statement Data Availability: ""The data underlying the results of this study are available upon request due to ethical restrictions imposed by the SingHealth Centralised Institutional Review Board, in Singapore. All study subjects were informed that only non-identifiable and aggregate data will be used in subsequent reports and scientific publications, and communications to companies and stakeholders. Hence, individual data is not available for public online access. Readers may write to the Workplace Safety and Health Institute, Ministry of Manpower at [address]""",0,NA,NA,no data
133,133,0,https://doi.org/10.1371/journal.pone.0220566,2019,abdin,1,1,1,1,0,education level (Secondary and below; Vocational/ITE; Diploma; Tertiary including Bachelor; Postgraduate Diploma; Master and Doctorate Degree),1,1,CBI (burnout) and PHQ-2 (depression and anhedonia); Factor Employee and management engagement,1,1,5,5,,,,,430,,,,,,,,,,1,2,1,,,451,0,NA,NA,NA,NA,NA,NA,NA,NA,0,NA,NA,0,"no raw data or correlations shared. Statement Data Availability: ""The data underlying the results of this study are available upon request due to ethical restrictions imposed by the SingHealth Centralised Institutional Review Board, in Singapore. All study subjects were informed that only non-identifiable and aggregate data will be used in subsequent reports and scientific publications, and communications to companies and stakeholders. Hence, individual data is not available for public online access. Readers may write to the Workplace Safety and Health Institute, Ministry of Manpower at [address]""",0,NA,NA,no data
133,133,0,https://doi.org/10.1371/journal.pone.0220566,2019,abdin,1,1,1,1,0,sector (Healthcare; Legal and Banking),1,1,CBI (burnout) and PHQ-2 (depression and anhedonia); Factor Employee and management engagement,1,1,5,5,,,,2713,1698,819,196,,,,,,,,1,2,1,,,452,0,NA,NA,NA,NA,NA,NA,,,0,NA,NA,0,"no raw data or correlations shared. Statement Data Availability: ""The data underlying the results of this study are available upon request due to ethical restrictions imposed by the SingHealth Centralised Institutional Review Board, in Singapore. All study subjects were informed that only non-identifiable and aggregate data will be used in subsequent reports and scientific publications, and communications to companies and stakeholders. Hence, individual data is not available for public online access. Readers may write to the Workplace Safety and Health Institute, Ministry of Manpower at [address]""",0,NA,NA,no data
133,133,0,https://doi.org/10.1371/journal.pone.0220566,2019,abdin,1,1,1,1,1,ages (young: 20 to 39 years; middle: 40 to 59 years; older: 60 years and above),1,1,CBI (burnout) and PHQ-2 (depression and anhedonia); Factor Colleague support,1,1,5,5,,,,2544,1478,918,148,,,,,,,,1,2,1,,,453,0,NA,NA,NA,NA,NA,NA,,,0,NA,NA,0,"no raw data or correlations shared. Statement Data Availability: ""The data underlying the results of this study are available upon request due to ethical restrictions imposed by the SingHealth Centralised Institutional Review Board, in Singapore. All study subjects were informed that only non-identifiable and aggregate data will be used in subsequent reports and scientific publications, and communications to companies and stakeholders. Hence, individual data is not available for public online access. Readers may write to the Workplace Safety and Health Institute, Ministry of Manpower at [address]""",0,NA,NA,no data
133,133,0,https://doi.org/10.1371/journal.pone.0220566,2019,abdin,1,1,1,1,0,male and female,1,1,CBI (burnout) and PHQ-2 (depression and anhedonia); Factor Colleague support,1,1,5,5,,,,2537,784,1753,,,,,,,,,1,2,1,,,454,0,NA,NA,NA,NA,NA,,,,0,NA,NA,0,"no raw data or correlations shared. Statement Data Availability: ""The data underlying the results of this study are available upon request due to ethical restrictions imposed by the SingHealth Centralised Institutional Review Board, in Singapore. All study subjects were informed that only non-identifiable and aggregate data will be used in subsequent reports and scientific publications, and communications to companies and stakeholders. Hence, individual data is not available for public online access. Readers may write to the Workplace Safety and Health Institute, Ministry of Manpower at [address]""",0,NA,NA,no data
133,133,0,https://doi.org/10.1371/journal.pone.0220566,2019,abdin,1,1,1,1,0,ethnicity (chinese and malay and indian and others),1,1,CBI (burnout) and PHQ-2 (depression and anhedonia); Factor Colleague support,1,1,5,5,,,,2531,1650,400,278,203,,,,,,,1,2,1,,,455,0,NA,NA,NA,NA,NA,NA,NA,,0,NA,NA,0,"no raw data or correlations shared. Statement Data Availability: ""The data underlying the results of this study are available upon request due to ethical restrictions imposed by the SingHealth Centralised Institutional Review Board, in Singapore. All study subjects were informed that only non-identifiable and aggregate data will be used in subsequent reports and scientific publications, and communications to companies and stakeholders. Hence, individual data is not available for public online access. Readers may write to the Workplace Safety and Health Institute, Ministry of Manpower at [address]""",0,NA,NA,no data
133,133,0,https://doi.org/10.1371/journal.pone.0220566,2019,abdin,1,1,1,1,0,marital status (single and married and divorced/separate),1,1,CBI (burnout) and PHQ-2 (depression and anhedonia); Factor Colleague support,1,1,5,5,,,,2511,923,1499,89,,,,,,,,1,2,1,,,456,0,NA,NA,NA,NA,NA,NA,,,0,NA,NA,0,"no raw data or correlations shared. Statement Data Availability: ""The data underlying the results of this study are available upon request due to ethical restrictions imposed by the SingHealth Centralised Institutional Review Board, in Singapore. All study subjects were informed that only non-identifiable and aggregate data will be used in subsequent reports and scientific publications, and communications to companies and stakeholders. Hence, individual data is not available for public online access. Readers may write to the Workplace Safety and Health Institute, Ministry of Manpower at [address]""",0,NA,NA,no data
133,133,0,https://doi.org/10.1371/journal.pone.0220566,2019,abdin,1,1,1,1,0,education level (Secondary and below; Vocational/ITE; Diploma; Tertiary including Bachelor; Postgraduate Diploma; Master and Doctorate Degree),1,1,CBI (burnout) and PHQ-2 (depression and anhedonia); Factor Colleague support,1,1,5,5,,,,,430,,,,,,,,,,1,2,1,,,457,0,NA,NA,NA,NA,NA,NA,NA,NA,0,NA,NA,0,"no raw data or correlations shared. Statement Data Availability: ""The data underlying the results of this study are available upon request due to ethical restrictions imposed by the SingHealth Centralised Institutional Review Board, in Singapore. All study subjects were informed that only non-identifiable and aggregate data will be used in subsequent reports and scientific publications, and communications to companies and stakeholders. Hence, individual data is not available for public online access. Readers may write to the Workplace Safety and Health Institute, Ministry of Manpower at [address]""",0,NA,NA,no data
133,133,0,https://doi.org/10.1371/journal.pone.0220566,2019,abdin,1,1,1,1,0,sector (Healthcare; Legal and Banking),1,1,CBI (burnout) and PHQ-2 (depression and anhedonia); Factor Colleague support,1,1,5,5,,,,2713,1698,819,196,,,,,,,,1,2,1,,,458,0,NA,NA,NA,NA,NA,NA,,,0,NA,NA,0,"no raw data or correlations shared. Statement Data Availability: ""The data underlying the results of this study are available upon request due to ethical restrictions imposed by the SingHealth Centralised Institutional Review Board, in Singapore. All study subjects were informed that only non-identifiable and aggregate data will be used in subsequent reports and scientific publications, and communications to companies and stakeholders. Hence, individual data is not available for public online access. Readers may write to the Workplace Safety and Health Institute, Ministry of Manpower at [address]""",0,NA,NA,no data
207,207,0,https://doi.org/10.1371/journal.pone.0221696,2019,Ortuno-Sierra,1,1,1,1,1,educational level (primary and secondary),1,1,PANAS,0,1,5,5,20,,1032,665,367,,,,0.86,,,,,,1,1,1,3,,865,1,1,1,1032,527,505,,,,1,0,0,0,,1,0,0,
207,207,0,https://doi.org/10.1371/journal.pone.0221696,2019,Ortuno-Sierra,1,1,1,1,0,Gender,1,1,PANAS,0,1,5,5,20,,1032,531,501,,,,0.86,,,,,,1,1,1,3,,866,1,1,1,1032,501,531,,,,1,0,0,0,,1,0,0,
351,230,1,https://doi.org/10.1177%2F0956797619841265,2019,Kievit,1,1,1,1,0,gender (boys/girls),1,1,Wechsler Abbreviated Scale of Intelligence,0,,,,6,"""With our current model specification and sample size; we had 73% power to detect a small coupling effect (r = .1; as defined by Gignac & Szodorai; 2016) but effectively 100% power to detect intermediate (r = .2) and large (r = .3) effects.""",227,108,119,,,,,,,,,,1,NA,NA,NA,"Only measurement invariance is mentioned but nothing else. ""As before; a multigroup model with gender as the grouping factor provided no evidence for differences"". They also have multiple waves; but as far as I can see they only compare the model fit across the three waves; without testing for actual differences in vocabulary or matrix reasoning between these waves. MI-test: ""As before; we imposed measurement invariance for the g-factor model across occasions."" The authors also state in their limitations/future research that fitting a MI model over time would be better.",946,1,1,1,227,98,129,,,,1,1,5,1,"raw data and code available on OSF. Code for MI testing worked. The level at which MI hold mostly refers to the structural part of the model (no measurement part is included), and thus we coded it as partial.",NA,NA,NA,NA
710,269,1,https://doi.org/10.1177%2F0956797619867939,2019,protzko,1,1,1,1,0,answering slowly and answering quickly,1,1,Social Desirability Scale,0,0,2,2,10,"""The sample size was determined a pri-ori to maximize power and not on the basis of any power analysis because the expected effect size was unknown.""",1500,,,,,,NA,,,,,,1,1,1,3,,1136,1,1,1,1500,759,741,,,,1,0,0,0,,1,0,0,
711,270,1,https://doi.org/10.1177%2F0956797619834879,2019,Obaidi,7,7,1,1,0,Nations,1,1,Group-based relative deprivation,0,2,7,7,,0.74,1263,59,232,259,243,104,0.84,0.85,"0,8","0,79","0,89","0,92",1,1,1,2,Reported in Supplemement; Sample 6 N = 366 and alpha = .79,1146,0,NA,NA,NA,NA,NA,NA,NA,NA,0,NA,NA,0,"supplemental material mentions measurement invariance check, but data only contains sum scores, and the only correlations reported are those between factors, not between items. Not possible to do a MI test",0,NA,NA,
711,270,1,https://doi.org/10.1177%2F0956797619834879,2019,Obaidi,7,7,1,1,0,Nations,1,1,Muslim identification,1,2,7,7,,0.74,1263,59,232,259,243,104,0.88,0.91,"0,92","0,9","0,94","0,72",1,1,1,2,Reported in Supplemement Sample 6 N = 366 and alpha = .9,1147,0,NA,NA,NA,NA,NA,NA,NA,NA,0,NA,NA,0,"supplemental material mentions measurement invariance check, but data only contains sum scores, and the only correlations reported are those between factors, not between items. Not possible to do a MI test",0,NA,NA,
711,270,1,https://doi.org/10.1177%2F0956797619834879,2019,Obaidi,7,7,1,1,0,Nations,1,1,Perceived injustice,0,2,7,7,,0.74,1263,59,232,259,243,104,0.83,0.86,"0,87","0,88","0,89","0,89",1,1,1,2,Reported in Supplemement Sample 6 N = 366 and alpha = .6,1148,0,NA,NA,NA,NA,NA,NA,NA,NA,0,NA,NA,0,"supplemental material mentions measurement invariance check, but data only contains sum scores, and the only correlations reported are those between factors, not between items. Not possible to do a MI test",0,NA,NA,
711,270,1,https://doi.org/10.1177%2F0956797619834879,2019,Obaidi,7,7,1,1,0,Nations,1,1,Group-based anger,1,2,7,7,,0.74,1263,59,232,259,243,104,0.85,0.59,"0,91","0,91","0,84","0,94",1,1,1,2,Reported in Supplemement Sample 6 N = 366 and alpha = .94,1149,0,NA,NA,NA,NA,NA,NA,NA,NA,0,NA,NA,0,"supplemental material mentions measurement invariance check, but data only contains sum scores, and the only correlations reported are those between factors, not between items. Not possible to do a MI test",0,NA,NA,
711,270,1,https://doi.org/10.1177%2F0956797619834879,2019,Obaidi,7,7,1,1,0,Nations,1,1,Violent Behavioral intentions,0,2,7,7,,0.74,1263,59,232,259,243,104,0.78,0.89,"0,79","0,61","0,87","0,88",1,1,1,2,Reported in Supplemement Sample 6 N = 366 and alpha = .64,1150,0,NA,NA,NA,NA,NA,NA,NA,NA,0,NA,NA,0,"supplemental material mentions measurement invariance check, but data only contains sum scores, and the only correlations reported are those between factors, not between items. Not possible to do a MI test",0,NA,NA,